iter	Passed	Remaining
0	962	576357
1	1577	471647
2	2140	426000
3	2682	399675
4	3239	385458
5	3789	375131
6	4347	368257
7	4842	358368
8	5408	355179
9	6000	354046
10	6597	353274
11	7097	347772
12	7599	343133
13	8129	340277
14	8681	338576
15	9263	338103
16	9856	338006
17	10445	337730
18	10982	335847
19	11625	337125
20	12181	335860
21	12789	336014
22	13487	338348
23	14112	338710
24	14750	339254
25	15372	339367
26	16402	348090
27	17395	355369
28	18409	362477
29	19372	368085
30	20330	373157
31	21292	377934
32	22274	382717
33	23245	386966
34	24125	389451
35	25169	394326
36	26177	398320
37	27174	401890
38	28207	405760
39	29256	409588
40	30222	412062
41	31211	414664
42	32318	418634
43	33394	421983
44	34449	424877
45	35453	426978
46	36477	429195
47	37478	431003
48	38469	432585
49	39322	432549
50	40336	434206
51	41317	435425
52	42428	437898
53	43464	439477
54	44406	440031
55	45425	441278
56	46312	441184
57	47263	441667
58	48271	442628
59	49222	443000
60	50203	443600
61	51182	444130
62	52220	445118
63	53154	445168
64	54177	445920
65	55234	446900
66	56120	446453
67	57081	446580
68	58064	446841
69	59156	447901
70	60108	447852
71	61012	447423
72	61998	447581
73	62989	447736
74	63869	447086
75	64805	446817
76	65603	445591
77	66680	446245
78	67628	446003
79	68519	445379
80	69385	444584
81	70470	445167
82	71577	445851
83	72628	446144
84	73739	446773
85	74601	445873
86	75579	445655
87	76644	445929
88	77556	445297
89	78487	444763
90	79542	444911
91	80609	445102
92	81606	444887
93	82684	445088
94	83770	445305
95	84844	445433
96	85735	444584
97	86842	444843
98	88027	445474
99	89062	445311
100	90053	444916
101	90952	444060
102	91853	443215
103	92745	442326
104	93313	439907
105	93965	437913
106	94546	435619
107	95092	433199
108	95611	430690
109	96195	428507
110	96780	426357
111	97401	424390
112	97982	422279
113	98572	420228
114	99101	417948
115	99633	415713
116	100670	415587
117	101532	414733
118	102333	413632
119	103208	412832
120	104147	412284
121	104942	411168
122	105458	408974
123	106024	406997
124	106633	405208
125	107202	403285
126	107824	401583
127	108407	399753
128	109065	398216
129	109666	396487
130	110605	395984
131	111497	395309
132	112191	393937
133	112768	392163
134	113654	391477
135	114548	390811
136	115088	388950
137	115681	387281
138	116265	385600
139	116851	383941
140	117445	382322
141	118040	380720
142	118558	378888
143	119367	377997
144	120295	377479
145	121102	376577
146	121898	375646
147	122461	374002
148	123053	372464
149	123577	370732
150	124116	369062
151	124656	367409
152	125274	365997
153	125869	364531
154	126791	364015
155	127650	363314
156	128605	362879
157	129602	362557
158	130202	361126
159	130778	359641
160	131317	358063
161	131908	356642
162	132500	355231
163	133189	354088
164	133961	353170
165	134563	351809
166	135290	350783
167	136266	350400
168	136968	349309
169	137590	348022
170	138137	346554
171	138733	345220
172	139474	344252
173	140056	342895
174	140608	341477
175	141158	340064
176	141781	338834
177	142600	338075
178	143490	337482
179	144344	336803
180	145173	336064
181	145879	335040
182	146432	333674
183	147029	332413
184	147598	331098
185	148145	329743
186	148670	328346
187	149563	327766
188	150080	326365
189	150774	325355
190	151637	324711
191	152382	323813
192	153024	322700
193	153617	321487
194	154235	320335
195	154866	319214
196	155420	317940
197	156042	316814
198	156553	315466
199	157662	315324
200	158625	314883
201	159835	314923
202	160734	314341
203	161633	313759
204	162170	312474
205	162671	311128
206	163238	309917
207	163816	308731
208	164425	307610
209	164983	306397
210	165562	305232
211	166111	304016
212	166686	302853
213	167208	301600
214	167753	300395
215	168784	300061
216	169718	299548
217	170483	298737
218	171292	298001
219	171919	296951
220	172492	295813
221	173078	294701
222	173684	293627
223	174260	292509
224	174758	291264
225	175265	290040
226	176091	289347
227	177030	288838
228	178109	288552
229	178776	287596
230	179374	286533
231	179973	285475
232	180498	284305
233	181142	283325
234	181883	282500
235	182773	281904
236	183645	281279
237	184420	280505
238	184939	279344
239	185551	278327
240	186073	277179
241	186675	276156
242	187449	275389
243	188011	274311
244	188643	273339
245	189581	272811
246	190272	271927
247	190963	271045
248	191587	270068
249	192146	269004
250	192838	268129
251	193699	267489
252	194307	266500
253	194976	265597
254	195919	265067
255	196796	264445
256	197541	263644
257	198137	262647
258	198678	261580
259	199207	260502
260	199725	259413
261	200245	258331
262	200768	257258
263	201372	256292
264	202223	255640
265	203092	255010
266	203864	254258
267	204779	253682
268	205660	253061
269	206400	252266
270	207001	251303
271	207533	250261
272	208069	249226
273	208629	248223
274	209094	247111
275	209673	246137
276	210236	245149
277	210832	244202
278	211421	243248
279	212356	242692
280	213334	242184
281	214033	241356
282	214880	240696
283	215658	239958
284	216190	238947
285	216677	237890
286	217281	236965
287	217844	235998
288	218414	235041
289	219331	234457
290	220266	233891
291	221093	233208
292	221825	232424
293	222391	231468
294	222932	230489
295	223456	229495
296	224047	228573
297	224820	227838
298	225604	227113
299	226173	226173
300	227140	225630
301	228099	225078
302	228755	224226
303	229383	223347
304	229954	222414
305	230750	221701
306	232064	221481
307	232793	220700
308	233366	219772
309	234276	219161
310	234874	218259
311	235435	217324
312	235976	216374
313	236941	215813
314	237878	215223
315	238851	214663
316	239809	214088
317	240710	213460
318	241687	212897
319	242613	212286
320	243325	211488
321	244172	210807
322	245122	210213
323	246055	209602
324	247042	209035
325	247988	208432
326	248923	207816
327	249868	207208
328	250676	206484
329	251524	205792
330	252355	205086
331	253212	204400
332	254171	203794
333	255123	203182
334	256026	202528
335	256966	201902
336	257915	201281
337	258868	200661
338	259741	199978
339	260547	199242
340	261468	198593
341	262411	197959
342	263323	197301
343	264267	196663
344	265229	196039
345	266194	195414
346	266993	194666
347	267829	193945
348	268770	193298
349	269671	192622
350	270534	191917
351	271436	191239
352	272362	190576
353	273299	189920
354	274308	189311
355	275130	188572
356	276100	187934
357	276942	187206
358	277824	186505
359	278776	185850
360	279668	185154
361	280491	184411
362	281545	183818
363	282408	183100
364	283413	182471
365	284352	181799
366	285274	181114
367	286063	180344
368	286820	179554
369	287673	178824
370	288553	178109
371	289426	177390
372	290156	176583
373	290991	175839
374	291818	175091
375	292553	174286
376	293399	173549
377	294185	172775
378	295147	172104
379	296078	171413
380	296979	170704
381	297935	170026
382	298953	169380
383	299816	168647
384	300658	167900
385	301581	167197
386	302209	166332
387	302780	165436
388	303364	164549
389	303881	163628
390	304462	162743
391	304960	161815
392	305485	160904
393	306034	160008
394	306599	159121
395	307175	158241
396	307667	157321
397	308259	156453
398	308779	155550
399	309331	154665
400	309903	153792
401	310469	152917
402	311020	152037
403	311528	151137
404	312026	150235
405	312829	149479
406	313760	148785
407	314672	148081
408	315386	147283
409	315938	146410
410	316502	145545
411	317024	144661
412	317573	143792
413	318126	142926
414	318614	142032
415	319154	141164
416	320083	140468
417	320962	139749
418	321834	139026
419	322364	138156
420	322876	137280
421	323426	136421
422	323984	135568
423	324496	134696
424	325041	133840
425	325825	133083
426	326635	132337
427	327325	131541
428	327846	130679
429	328351	129813
430	328900	128965
431	329528	128149
432	330245	127369
433	330681	126481
434	331180	125620
435	331972	124870
436	332878	124162
437	333493	123346
438	333998	122491
439	334508	121639
440	335034	120794
441	335529	119940
442	336051	119097
443	336627	118274
444	337190	117448
445	337995	116707
446	338861	115986
447	339845	115304
448	340394	114475
449	340888	113629
450	341445	112805
451	341927	111958
452	342492	111140
453	343078	110329
454	343586	109494
455	344184	108689
456	345054	107971
457	345828	107221
458	346633	106482
459	347391	105727
460	348269	105009
461	349079	104270
462	349638	103456
463	350151	102630
464	350681	101810
465	351138	100971
466	351738	100174
467	352262	99356
468	352788	98540
469	353287	97717
470	353889	96925
471	354438	96118
472	355287	95394
473	356051	94646
474	356771	93887
475	357460	93120
476	358125	92346
477	358671	91543
478	359206	90739
479	359723	89930
480	360296	89137
481	360826	88335
482	361318	87524
483	361818	86716
484	362395	85928
485	362912	85127
486	363473	84337
487	364020	83545
488	364873	82824
489	365850	82129
490	366646	81394
491	367510	80673
492	368085	79888
493	368619	79096
494	369120	78298
495	369672	77511
496	370211	76723
497	370824	75951
498	371717	75237
499	372608	74521
500	373658	73836
501	374425	73094
502	374930	72302
503	375526	71528
504	376011	70734
505	376561	69954
506	377134	69178
507	377977	68452
508	378538	67675
509	379245	66925
510	380244	66226
511	381150	65510
512	381685	64730
513	382284	63961
514	382879	63193
515	383773	62474
516	384346	61703
517	384957	60939
518	385615	60182
519	386147	59407
520	387378	58738
521	388474	58047
522	389319	57318
523	390178	56590
524	390723	55817
525	391286	55047
526	391834	54276
527	392378	53506
528	392947	52739
529	393550	51978
530	394044	51203
531	394570	50433
532	395245	49683
533	396131	48960
534	396976	48230
535	397762	47494
536	398363	46735
537	398904	45970
538	399771	45243
539	400390	44487
540	400936	43725
541	401448	42959
542	402002	42199
543	402877	41472
544	403314	40701
545	403829	39939
546	404729	39215
547	405539	38481
548	406156	37730
549	406709	36973
550	407277	36218
551	407804	35461
552	408432	34713
553	409301	33985
554	409907	33235
555	410359	32474
556	410863	31718
557	411416	30966
558	411884	30209
559	412378	29455
560	412888	28703
561	413427	27954
562	413993	27207
563	414855	26480
564	415504	25739
565	416405	25013
566	417396	24292
567	418112	23555
568	418969	22826
569	419508	22079
570	420091	21335
571	420619	20589
572	421234	19848
573	421763	19104
574	422358	18363
575	422958	17623
576	423508	16881
577	424213	16146
578	425071	15417
579	426316	14700
580	427066	13966
581	427840	13232
582	428358	12490
583	428949	11752
584	429483	11012
585	430084	10275
586	430992	9544
587	431805	8812
588	432762	8082
589	433695	7350
590	434588	6618
591	435464	5884
592	436374	5151
593	437345	4417
594	438218	3682
595	439200	2947
596	440085	2211
597	441089	1475
598	442030	737
599	442912	0
